{"cameraMode":{"drawMode":0,"name":"Shaded","section":"Shading Mode"},"sceneLighting":false,"audioPlay":false,"sceneViewState":{"m_AlwaysRefresh":false,"showFog":true,"showSkybox":false,"showFlares":true,"showImageEffects":true,"showParticleSystems":true,"showVisualEffectGraphs":true,"m_FxEnabled":true},"in2DMode":false,"pivot":{"x":515.2586669921875,"y":274.70379638671877,"z":-14.238323211669922},"rotation":{"x":-0.0042763338424265389,"y":0.9935206770896912,"z":-0.10652270168066025,"w":-0.03995770961046219},"size":434.1142272949219,"orthographic":false}