{"cameraMode":{"drawMode":0,"name":"Shaded","section":"Shading Mode"},"sceneLighting":false,"audioPlay":false,"sceneViewState":{"m_AlwaysRefresh":false,"showFog":true,"showSkybox":false,"showFlares":true,"showImageEffects":true,"showParticleSystems":true,"showVisualEffectGraphs":true,"m_FxEnabled":true},"in2DMode":false,"pivot":{"x":1.1920928955078126e-7,"y":1.2160719633102418,"z":-0.11192488670349121},"rotation":{"x":0.2163347750902176,"y":-0.6072807312011719,"z":0.17642231285572053,"w":0.7438735365867615},"size":7.055373191833496,"orthographic":false}